{
    "$schema": "https://schema.management.azure.com/schemas/2015-01-01/deploymentTemplate.json#",
    "contentVersion": "1.0.0.0",
    "parameters": {
        "resourceName": {
            "type": "String",
            "metadata": {
                "description": "The name of the Managed Cluster resource."
            }
        },
        "location": {
            "type": "String",
            "metadata": {
                "description": "The location of AKS resource."
            }
        },
        "dnsPrefix": {
            "type": "String",
            "metadata": {
                "description": "Optional DNS prefix to use with hosted Kubernetes API server FQDN."
            }
        },
        "osDiskSizeGB": {
            "defaultValue": 0,
            "minValue": 0,
            "maxValue": 1023,
            "type": "Int",
            "metadata": {
                "description": "Disk size (in GiB) to provision for each of the agent pool nodes. This value ranges from 0 to 1023. Specifying 0 will apply the default disk size for that agentVMSize."
            }
        },
        "agentCount": {
            "defaultValue": 3,
            "minValue": 1,
            "maxValue": 100,
            "type": "Int",
            "metadata": {
                "description": "The number of agent nodes for the cluster."
            }
        },
        "agentVMSize": {
            "defaultValue": "Standard_D2_v2",
            "type": "String",
            "metadata": {
                "description": "The size of the Virtual Machine."
            }
        },
        "servicePrincipalClientId": {
            "type": "SecureString",
            "metadata": {
                "description": "Client ID (used by cloudprovider)."
            }
        },
        "servicePrincipalClientSecret": {
            "type": "SecureString",
            "metadata": {
                "description": "The Service Principal Client Secret."
            }
        },
        "osType": {
            "defaultValue": "Linux",
            "allowedValues": [
                "Linux"
            ],
            "type": "String",
            "metadata": {
                "description": "The type of operating system."
            }
        },
        "kubernetesVersion": {
            "defaultValue": "1.7.7",
            "type": "String",
            "metadata": {
                "description": "The version of Kubernetes."
            }
        },
        "networkPlugin": {
            "allowedValues": [
                "azure",
                "kubenet"
            ],
            "type": "String",
            "metadata": {
                "description": "Network plugin used for building Kubernetes network."
            }
        },
        "maxPods": {
            "defaultValue": 30,
            "type": "Int",
            "metadata": {
                "description": "Maximum number of pods that can run on a node."
            }
        },
        "enableRBAC": {
            "defaultValue": true,
            "type": "Bool",
            "metadata": {
                "description": "Boolean flag to turn on and off of RBAC."
            }
        },
        "vmssNodePool": {
            "defaultValue": false,
            "type": "Bool",
            "metadata": {
                "description": "Boolean flag to turn on and off of VM scale sets"
            }
        },
        "windowsProfile": {
            "defaultValue": false,
            "type": "Bool",
            "metadata": {
                "description": "Boolean flag to turn on and off of VM scale sets"
            }
        },
        "enableHttpApplicationRouting": {
            "defaultValue": true,
            "type": "Bool",
            "metadata": {
                "description": "Boolean flag to turn on and off of http application routing."
            }
        },
        "enableOmsAgent": {
            "defaultValue": true,
            "type": "Bool",
            "metadata": {
                "description": "Boolean flag to turn on and off of omsagent addon."
            }
        },
        "workspaceRegion": {
            "defaultValue": "East US",
            "type": "String",
            "metadata": {
                "description": "Specify the region for your OMS workspace."
            }
        },
        "workspaceName": {
            "type": "String",
            "metadata": {
                "description": "Specify the name of the OMS workspace."
            }
        },
        "omsWorkspaceId": {
            "type": "String",
            "metadata": {
                "description": "Specify the resource id of the OMS workspace."
            }
        },
        "omsSku": {
            "defaultValue": "standalone",
            "allowedValues": [
                "free",
                "standalone",
                "pernode"
            ],
            "type": "String",
            "metadata": {
                "description": "Select the SKU for your workspace."
            }
        },
        "principalId": {
            "type": "String",
            "metadata": {
                "description": "The objectId of service principal."
            }
        }
    },
    "resources": [
        {
            "type": "Microsoft.ContainerService/managedClusters",
            "apiVersion": "2019-08-01",
            "name": "[parameters('resourceName')]",
            "location": "[parameters('location')]",
            "dependsOn": [
                "[concat('Microsoft.Resources/deployments/', 'WorkspaceDeployment-20191029113305')]"
            ],
            "tags": {},
            "properties": {
                "kubernetesVersion": "[parameters('kubernetesVersion')]",
                "enableRBAC": "[parameters('enableRBAC')]",
                "dnsPrefix": "[parameters('dnsPrefix')]",
                "agentPoolProfiles": [
                    {
                        "name": "agentpool",
                        "osDiskSizeGB": "[parameters('osDiskSizeGB')]",
                        "count": "[parameters('agentCount')]",
                        "vmSize": "[parameters('agentVMSize')]",
                        "osType": "[parameters('osType')]",
                        "storageProfile": "ManagedDisks",
                        "type": "VirtualMachineScaleSets"
                    }
                ],
                "servicePrincipalProfile": {
                    "ClientId": "[parameters('servicePrincipalClientId')]",
                    "Secret": "[parameters('servicePrincipalClientSecret')]"
                },
                "networkProfile": {
                    "loadBalancerSku": "standard",
                    "networkPlugin": "[parameters('networkPlugin')]"
                },
                "addonProfiles": {
                    "httpApplicationRouting": {
                        "enabled": "[parameters('enableHttpApplicationRouting')]"
                    },
                    "omsagent": {
                        "enabled": "[parameters('enableOmsAgent')]",
                        "config": {
                            "logAnalyticsWorkspaceResourceID": "[parameters('omsWorkspaceId')]"
                        }
                    }
                }
            }
        },
        {
            "type": "Microsoft.Resources/deployments",
            "apiVersion": "2017-05-10",
            "name": "SolutionDeployment-20191029113305",
            "dependsOn": [
                "[concat('Microsoft.Resources/deployments/', 'WorkspaceDeployment-20191029113305')]"
            ],
            "properties": {
                "mode": "Incremental",
                "template": {
                    "$schema": "https://schema.management.azure.com/schemas/2015-01-01/deploymentTemplate.json#",
                    "contentVersion": "1.0.0.0",
                    "parameters": {},
                    "variables": {},
                    "resources": [
                        {
                            "apiVersion": "2015-11-01-preview",
                            "type": "Microsoft.OperationsManagement/solutions",
                            "location": "[parameters('workspaceRegion')]",
                            "name": "[concat('ContainerInsights', '(', split(parameters('omsWorkspaceId'),'/')[8], ')')]",
                            "properties": {
                                "workspaceResourceId": "[parameters('omsWorkspaceId')]"
                            },
                            "plan": {
                                "name": "[concat('ContainerInsights', '(', split(parameters('omsWorkspaceId'),'/')[8], ')')]",
                                "product": "[concat('OMSGallery/', 'ContainerInsights')]",
                                "promotionCode": "",
                                "publisher": "Microsoft"
                            }
                        }
                    ]
                }
            },
            "subscriptionId": "[split(parameters('omsWorkspaceId'),'/')[2]]",
            "resourceGroup": "[split(parameters('omsWorkspaceId'),'/')[4]]"
        },
        {
            "type": "Microsoft.Resources/deployments",
            "apiVersion": "2017-05-10",
            "name": "WorkspaceDeployment-20191029113305",
            "properties": {
                "mode": "Incremental",
                "template": {
                    "$schema": "https://schema.management.azure.com/schemas/2015-01-01/deploymentTemplate.json#",
                    "contentVersion": "1.0.0.0",
                    "parameters": {},
                    "variables": {},
                    "resources": [
                        {
                            "apiVersion": "2015-11-01-preview",
                            "type": "Microsoft.OperationalInsights/workspaces",
                            "location": "[parameters('workspaceRegion')]",
                            "name": "[parameters('workspaceName')]",
                            "properties": {
                                "sku": {
                                    "name": "[parameters('omsSku')]"
                                }
                            }
                        }
                    ]
                }
            },
            "subscriptionId": "[split(parameters('omsWorkspaceId'),'/')[2]]",
            "resourceGroup": "[split(parameters('omsWorkspaceId'),'/')[4]]"
        },
        {
            "type": "Microsoft.Resources/deployments",
            "apiVersion": "2017-05-10",
            "name": "ClusterMonitoringMetricPulisherRoleAssignmentDepl-20191029113305",
            "dependsOn": [
                "/subscriptions/9ec0e7ae-1566-412f-8f13-939bb53e7bb5/resourceGroups/depl-rg/providers/Microsoft.ContainerService/managedClusters/test-pipeline-rg"
            ],
            "properties": {
                "mode": "Incremental",
                "template": {
                    "$schema": "https://schema.management.azure.com/schemas/2015-01-01/deploymentTemplate.json#",
                    "contentVersion": "1.0.0.0",
                    "parameters": {},
                    "variables": {},
                    "resources": [
                        {
                            "type": "Microsoft.ContainerService/managedClusters/providers/roleAssignments",
                            "apiVersion": "2018-01-01-preview",
                            "name": "test-pipeline-rg/Microsoft.Authorization/4380cf4f-5caa-4056-818f-139d7baf8361",
                            "properties": {
                                "roleDefinitionId": "[concat('/subscriptions/', subscription().subscriptionId, '/providers/Microsoft.Authorization/roleDefinitions/', '3913510d-42f4-4e42-8a64-420c390055eb')]",
                                "principalId": "[parameters('principalId')]",
                                "scope": "/subscriptions/9ec0e7ae-1566-412f-8f13-939bb53e7bb5/resourceGroups/depl-rg/providers/Microsoft.ContainerService/managedClusters/test-pipeline-rg"
                            }
                        }
                    ]
                }
            },
            "subscriptionId": "9ec0e7ae-1566-412f-8f13-939bb53e7bb5",
            "resourceGroup": "depl-rg"
        }
    ],
    "outputs": {
        "controlPlaneFQDN": {
            "type": "String",
            "value": "[reference(concat('Microsoft.ContainerService/managedClusters/', parameters('resourceName'))).fqdn]"
        }
    }
}